subreddit,antisemitic,disability,fat_shaming,gender,islamophobic,national_origin,race_color,sexual_orientation,transphobic,sum,category
4chan,0.25,0.0,0.0,0.25,0.0,0.5,0.5,0.0,0.25,1.75,Racist
aganistgaymarriage,0.0,0.25,0.0,0.25,0.0,0.0,0.0,3.25,0.5,4.25,Anti-LGBTQ
altright,0.75,0.0,0.0,0.5,0.0,0.75,1.75,0.0,0.0,3.75,Racist
amberlynn,0.0,0.0,3.0,0.0,0.0,0.0,0.0,0.0,0.0,3.0,Racist
antifa,0.0,0.0,0.0,0.25,0.25,0.5,0.25,0.75,0.0,2.0,Racist
antipozi,0.0,0.0,0.0,0.0,0.0,1.0,1.0,3.5,0.5,6.0,Anti-LGBTQ
asiansissification,0.0,0.0,0.0,0.75,0.0,0.25,0.75,0.0,0.0,1.75,Racist
ask_radical_feminists,0.0,0.25,0.0,0.25,0.0,0.0,0.0,0.25,0.5,1.25,Anti-LGBTQ
askanincel,0.0,0.0,0.25,0.75,0.0,0.0,0.25,0.0,0.0,1.25,Misogynistic
asktrp,0.0,0.1666666666666666,0.1666666666666666,1.6666666666666667,0.0,0.0,0.1666666666666666,0.0,0.0,2.1666666666666665,Misogynistic
aznidentity,0.25,0.0,0.0,0.0,0.0,0.25,0.75,0.0,0.0,1.25,Racist
billionshekelsupreme,0.5,0.0,0.0,0.0,0.25,0.75,1.25,0.25,0.0,3.0,Racist
blackpillscience,0.0,0.25,0.0,1.0,0.0,0.0,0.0,0.0,0.0,1.25,Misogynistic
braincels,0.0,0.1666666666666666,0.0,1.0,0.0,0.3333333333333333,0.1666666666666666,0.1666666666666666,0.0,1.8333333333333333,Misogynistic
candidfashionpolice,0.0,0.0,0.5,0.5,0.0,0.0,0.0,0.0,0.0,1.0,Misogynistic
ccj2,0.0,0.25,0.0,0.0,0.0,1.25,0.25,0.75,0.25,2.75,Racist
chodi,0.0,0.0,0.0,0.0,0.25,0.5,0.25,0.0,0.0,1.0,Racist
clown__world,0.0,0.5,0.0,0.5,0.0,0.25,0.25,0.25,0.25,2.0,Anti-LGBTQ
clownworldwar,0.25,0.5,0.0,0.0,0.25,1.25,1.0,0.5,0.75,4.5,Racist
consumeproduct,0.5,0.0,0.0,0.0,0.0,0.0,0.5,0.75,0.5,2.25,Anti-LGBTQ
coontown,0.5,0.5,0.0,0.0,0.0,3.0,2.5,0.5,0.0,7.0,Racist
cringeanarchy,0.0,0.25,0.25,0.0,0.25,0.25,0.25,0.25,0.0,1.5,Racist
cutefemalecorpses,0.0,0.0,0.0,2.0,0.0,0.5,0.5,0.0,0.5,3.5,Misogynistic
darkenlightenment,0.5,0.25,0.0,0.5,0.0,1.0,0.0,0.25,0.25,2.75,Racist
darkhumor,0.0,0.25,0.25,0.25,0.0,0.25,0.5,0.0,0.0,1.5,Racist
darkhumorandmemes,0.0,0.0,0.0,0.25,0.25,0.0,0.5,0.0,0.0,1.0,Racist
darkjokecentral,0.0,0.5,0.0,0.25,0.25,1.0,1.25,0.0,0.0,3.25,Racist
debatealtright,0.75,0.0,0.0,0.0,0.25,2.0,2.5,0.5,0.25,6.25,Racist
debatefascism,0.5,0.0,0.0,0.0,0.25,0.75,1.0,0.0,0.0,2.5,Racist
delraymisfits,0.0,0.0,0.25,0.25,0.25,0.25,0.25,0.25,0.25,1.75,Anti-LGBTQ
drama,0.5,0.5,0.0,0.5,0.25,0.25,0.25,0.25,0.5,3.0,Anti-LGBTQ
edgydarkdankmemes,0.5,0.0,0.0,0.0,0.25,0.0,0.75,0.25,0.0,1.75,Racist
european,0.25,0.0,0.0,0.25,0.25,1.5,1.5,0.0,0.0,3.75,Racist
europeannationalism,0.25,0.0,0.0,0.25,0.5,1.0,0.75,0.0,0.0,2.75,Racist
fatpeoplehate,0.0,2.0,3.0,1.5,0.0,0.0,0.0,0.0,0.0,6.5,Misogynistic
ferguson,0.0,0.5,0.0,0.5,0.0,2.0,3.0,0.0,0.0,6.0,Racist
foreverunwanted,0.0,0.25,0.0,1.0,0.0,0.25,0.25,0.0,0.0,1.75,Misogynistic
fuckyou,0.25,0.0,0.0,0.0,0.25,0.0,0.25,0.25,0.25,1.25,Anti-LGBTQ
gamersriseup,0.0,0.25,0.0,0.5,0.0,0.25,1.0,0.0,0.0,2.0,Racist
gcdebatesqt,0.0,0.0,0.0,0.25,0.0,0.0,0.0,0.5,0.75,1.5,Anti-LGBTQ
gender_critical,0.0,1.25,0.0,0.75,0.0,0.0,0.0,1.0,4.0,7.0,Anti-LGBTQ
gendercritical,0.0,0.25,0.0,0.5,0.0,0.0,0.0,1.5,1.75,4.0,Anti-LGBTQ
gendercriticalguys,0.0,0.25,0.25,0.75,0.0,0.0,0.0,0.25,1.0,2.5,Anti-LGBTQ
gendercynicalcritical,0.0,0.0,0.0,0.25,0.0,0.0,0.0,0.5,3.5,4.25,Anti-LGBTQ
greatapes,0.5,0.0,0.0,0.0,0.0,5.5,4.5,0.0,0.0,10.5,Racist
greatawakening,0.0,0.0,0.0,0.0,0.5,0.5,0.25,0.0,0.0,1.25,Racist
hatecrimehoaxes,0.0,0.0,0.25,0.0,0.0,0.5,1.0,0.0,0.0,1.75,Racist
hbd,0.25,0.25,0.0,0.25,0.0,1.0,0.75,0.0,0.0,2.5,Racist
heckoffcommie,0.5,0.0,0.0,0.25,0.0,0.25,0.25,0.0,0.0,1.25,Racist
hitler,1.5,0.0,0.0,0.0,0.0,0.0,0.25,0.25,0.0,2.0,Racist
holocaust,4.0,0.0,0.0,0.0,0.0,1.75,1.5,0.0,0.0,7.25,Racist
homophobes,0.0,0.0,0.0,0.0,0.25,0.0,0.0,2.0,1.25,3.5,Anti-LGBTQ
honkler,0.25,0.75,0.0,0.0,0.0,0.25,0.25,0.0,0.25,1.75,Racist
imgoingtohellforthis,0.25,0.0,0.0,0.5,0.5,0.5,0.75,0.0,0.25,2.75,Racist
imgoingtohellforthis2,0.0,0.0,0.0,0.25,0.0,0.5,0.25,0.25,0.0,1.25,Racist
incel,0.0,0.25,0.25,1.0,0.0,0.0,0.25,0.0,0.0,1.75,Misogynistic
incels,0.0,0.1666666666666666,0.1666666666666666,1.8333333333333333,0.0,0.0,0.0,0.0,0.0,2.1666666666666665,Misogynistic
incelswithouthate,0.0,0.3333333333333333,0.0,0.6666666666666666,0.0,0.1666666666666666,0.1666666666666666,0.0,0.0,1.3333333333333337,Misogynistic
infowars,0.0,0.25,0.0,0.0,0.0,0.25,0.0,0.5,0.0,1.0,Anti-LGBTQ
israelexposed,0.5,0.0,0.0,0.0,0.25,0.5,0.25,0.0,0.0,1.5,Racist
itsafetish,0.0,0.25,0.0,0.0,0.0,0.0,0.0,0.25,3.75,4.25,Anti-LGBTQ
justbewhite,0.0,0.0,0.25,0.75,0.5,1.25,1.75,0.0,0.0,4.5,Racist
kotakuinaction,0.0,0.0,0.25,0.5,0.0,0.0,0.25,0.0,0.0,1.0,Misogynistic
kotakuinaction2,0.25,0.0,0.0,0.25,0.0,0.0,0.5,0.0,0.0,1.0,Racist
legoyoda,0.25,0.25,0.0,0.0,0.25,0.5,0.5,0.0,0.0,1.75,Racist
lgbdropthet,0.0,0.0,0.0,0.25,0.0,0.0,0.0,0.75,1.0,2.0,Anti-LGBTQ
louderwithcrowder,0.0,0.0,0.0,0.0,0.0,0.25,0.25,0.0,0.5,1.0,Anti-LGBTQ
marriedredpill,0.0,0.0,0.1666666666666666,0.8333333333333334,0.0,0.0,0.0,0.0,0.0,1.0,Misogynistic
mdememes,0.5,0.0,0.0,0.25,0.0,0.25,0.5,0.25,0.0,1.75,Racist
mefetishism,0.0,0.0,0.0,0.0,0.0,0.0,0.0,0.75,0.75,1.5,Anti-LGBTQ
mensrights,0.1666666666666666,0.1666666666666666,0.1666666666666666,0.6666666666666666,0.0,0.1666666666666666,0.0,0.0,0.0,1.3333333333333333,Misogynistic
metacanada,0.25,0.0,0.0,0.0,0.25,1.0,0.75,0.25,0.0,2.5,Racist
mgtow,0.0,0.1666666666666666,0.0,2.1666666666666665,0.0,0.0,0.0,0.0,0.1666666666666666,2.5,Misogynistic
milliondollarextreme,0.25,0.0,0.0,0.25,0.0,0.25,0.5,0.0,0.0,1.25,Racist
moretankiechapo,0.0,0.0,0.0,0.0,0.25,0.25,0.5,0.0,0.0,1.0,Racist
mr_trump,0.0,0.0,0.0,0.75,0.0,0.5,0.0,0.0,0.0,1.25,Misogynistic
nametheproblem,0.0,0.0,0.0,0.5,0.0,0.0,0.0,0.25,0.75,1.5,Anti-LGBTQ
nationalsocialism,2.75,0.25,0.0,0.0,0.5,2.5,2.75,0.25,0.25,9.25,Racist
nazi,1.75,0.0,0.0,0.0,0.0,1.25,2.0,0.0,0.0,5.0,Racist
new_right,0.25,0.0,0.25,0.0,0.75,0.75,0.5,0.25,0.0,2.75,Racist
offensivememe,0.0,0.5,0.0,0.0,0.25,0.25,0.75,0.25,0.0,2.0,Racist
opieandanthony,0.0,0.25,0.0,0.25,0.0,0.5,0.25,0.5,0.25,2.0,Anti-LGBTQ
opieandanthonyxyz,0.0,0.5,0.5,0.25,0.0,0.75,0.75,1.0,0.5,4.25,Anti-LGBTQ
opienanthony,0.0,0.75,0.5,0.5,0.0,0.5,0.5,1.25,0.0,4.0,Anti-LGBTQ
physical_removal,0.5,0.0,0.0,0.5,0.25,1.25,1.0,0.0,0.0,3.5,Racist
pol,0.75,0.25,0.0,0.0,0.0,0.0,1.0,0.0,0.0,2.0,Racist
pussypass,0.3333333333333333,0.0,0.0,0.8333333333333334,0.0,0.1666666666666666,0.3333333333333333,0.0,0.0,1.6666666666666667,Misogynistic
pussypassdenied,0.0,0.0,0.0,1.0,0.0,0.0,0.25,0.25,0.0,1.5,Misogynistic
race,0.0,0.0,0.0,0.0,0.0,0.5,2.25,0.0,0.0,2.75,Racist
radical_feminists,0.0,0.0,0.0,0.5,0.0,0.0,0.25,0.25,0.5,1.5,Anti-LGBTQ
rightwinglgbt,0.0,0.0,0.0,0.25,0.25,0.25,0.25,0.25,0.25,1.5,Anti-LGBTQ
sham_sharma_show,0.0,0.0,0.0,0.0,1.0,0.75,0.75,0.0,0.0,2.5,Racist
shhhhheeeeeeeeiiiitt,0.0,0.25,0.25,0.0,0.0,0.5,1.25,0.0,0.25,2.5,Racist
shitneoconssay,0.5,0.25,0.25,0.0,0.25,0.5,0.5,0.0,0.0,2.25,Racist
shortcels,0.0,0.25,0.0,0.5,0.0,0.25,0.25,0.25,0.25,1.75,Anti-LGBTQ
sjwhate,0.0,0.5,0.0,0.5,0.25,0.75,1.0,0.25,0.0,3.25,Racist
smuggies,0.5,0.0,0.0,0.0,0.0,0.5,0.5,0.0,0.0,1.5,Racist
socialjusticeinaction,0.0,0.25,0.25,0.25,0.0,0.0,1.0,0.0,0.25,2.0,Racist
sodaniggas,0.0,0.25,0.0,0.0,0.0,0.0,1.75,0.0,0.0,2.0,Racist
subforwhitepeopleonly,0.5,0.0,0.0,0.25,0.0,2.75,2.75,0.0,0.0,6.25,Racist
tardtales,0.5,3.0,0.0,0.0,0.0,0.25,0.25,0.0,0.0,4.0,Racist
teaniggas,0.0,0.0,0.0,0.0,0.0,0.0,1.0,0.0,0.0,1.0,Racist
terfisaslur,0.0,0.0,0.0,0.25,0.0,0.0,0.0,0.25,2.0,2.5,Anti-LGBTQ
the_donald,0.0,0.0,0.0,0.25,0.5,0.5,0.25,0.0,0.0,1.5,Racist
the_europe,0.0,0.0,0.0,0.0,1.0,2.25,1.0,0.0,0.0,4.25,Racist
thenewright,0.0,0.25,0.0,0.0,0.5,0.5,0.25,0.5,0.0,2.0,Racist
thereareonly2genders,0.0,0.5,0.0,0.0,0.0,0.0,0.0,0.5,1.0,2.0,Anti-LGBTQ
theredpill,0.0,0.0,0.0,1.5,0.0,0.0,0.0,0.0,0.0,1.5,Misogynistic
timdillon,0.25,0.0,0.25,0.5,0.0,0.5,0.5,0.0,0.0,2.0,Racist
timpool,0.25,0.0,0.0,0.0,0.25,0.25,0.25,0.0,0.0,1.0,Racist
trayvonmartin,0.0,0.0,0.0,0.0,0.0,0.5,1.5,0.0,0.0,2.0,Racist
trollgc,0.0,0.0,0.0,0.5,0.0,0.0,0.25,0.25,1.5,2.5,Anti-LGBTQ
trolling,0.0,0.5,0.0,0.25,0.0,0.25,0.25,0.0,0.0,1.25,Racist
truelesbians,0.0,0.0,0.0,0.0,0.0,0.0,0.0,0.75,2.0,2.75,Anti-LGBTQ
tumblrinaction,0.0,0.0,0.0,0.5,0.0,0.25,1.0,0.25,0.0,2.0,Racist
uncensorednews,0.0,0.0,0.0,0.0,1.0,0.5,0.25,0.0,0.0,1.75,Racist
watchredditdie,0.0,0.5,0.0,0.25,0.0,0.0,0.0,0.25,0.0,1.0,Anti-LGBTQ
whitebeauty,0.25,0.0,0.0,0.25,0.0,0.5,0.75,0.0,0.0,1.75,Racist
whiterights,1.0,0.25,0.0,0.0,0.0,3.0,2.25,0.0,0.0,6.5,Racist
yallcantbehave,0.0,0.25,0.25,0.0,0.0,0.25,0.25,0.25,0.25,1.5,Anti-LGBTQ
